nazwa,kategoria,cena,ilosc,zdjecia
SHOE WAX PASTA WOSK I ZYWICA 40G CZARNA (2) A,f-Kosmetyki-Do-Obuwia,4.99,102,www.ccc.eu/media/cache/gallery/rc/f4oajaxf/images/64/64871//5/9/5904006089111_dakoma-pasta_puszka_cz__zo_001.jpg;www.ccc.eu/media/cache/gallery/rc/brvpioys/images/64/64871//5/9/5904006089111_dakoma-pasta_puszka_cz__zo_002.jpg
Krem do obuwia COCCINE - Antique Creme 55/04/50/01A/v3 Bezbarwny,f-Kosmetyki-Do-Obuwia,9.99,142,www.ccc.eu/media/cache/gallery/rc/qowwfrpr/images/64/64445//5/9/5907546516857_coccine-antique_creme_zestaw_ww_02.jpg;www.ccc.eu/media/cache/gallery/rc/sji8y4yo/images/64/64445//5/9/5907546516857_coccine-antique_creme_zestaw_ww_01.jpg
Krem do obuwia COCCINE - Cream Elegance 55/26/50/01A/v6,f-Kosmetyki-Do-Obuwia,9.99,194,www.ccc.eu/media/cache/gallery/rc/x6iljxpc/images/64/64453//5/9/5907546511685_coccine-krem_elegance_bezbarwny_bezbarwny_ww_02.jpg;www.ccc.eu/media/cache/gallery/rc/rsxmu7mo/images/64/64453//5/9/5907546511685_coccine-krem_elegance_bezbarwny_bezbarwny_ww_01.jpg
Renowator BAMA - W83 Biały,f-Kosmetyki-Do-Obuwia,9.99,148,www.ccc.eu/media/cache/gallery/rc/ughgsad2/images/64/64400//4/0/4053201014143_bama-3_4_w83f_000_c_renowator_bia_y_ws_01-650.jpg
Preparat COCCINE - Grease For Shoes 55/29/50/02A/v2 Black,f-Kosmetyki-Do-Obuwia,9.99,137,www.ccc.eu/media/cache/gallery/rc/7tqikj3y/images/64/64451//5/9/5904006089661_dakoma-tluszcz_czarny_ww_02.jpg;www.ccc.eu/media/cache/gallery/rc/knf5iwzg/images/64/64451//5/9/5904006089661_dakoma-tluszcz_czarny_ww_01.jpg
Pasta do obuwia COCCINE - Shoe Wax 55/32/40A/ZV1 Brown,f-Kosmetyki-Do-Obuwia,4.99,127,www.ccc.eu/media/cache/gallery/rc/ynpdxvgr/images/64/64455//5/9/5904006089128_dakoma-pasta_puszka_braz_ww_01.jpg
Pasta do obuwia COCCINE - Shoe Wax 55/32/40A/ZV1 Bezbarwny,f-Kosmetyki-Do-Obuwia,4.99,136,www.ccc.eu/media/cache/gallery/rc/zu0jj1ca/images/64/64457//5/9/5904006089104_dakoma-pasta_puszkabezb_ww_01.jpg
DEZODORANT DO OBUWIA 100 ML-001/PL,f-Kosmetyki-Do-Obuwia,16.99,123,www.ccc.eu/media/cache/gallery/rc/k4ju3e7q/images/64/64402//5/0/5000204840445_bama_dezodorant-3_4_a39f_000_c_trainer_fresh_sport_ws_01-650.jpg
Olej do butów COCCINE - Crazy Oil 55/14/75/01A/V5,f-Kosmetyki-Do-Obuwia,11.99,190,www.ccc.eu/media/cache/gallery/rc/n3qi9kdn/images/64/64465//5/9/5906489210037_dakoma-crazy_olejek_ww_01.jpg
Tłuszcz W Sprayu COCCINE - 55/55/250/01F/v4,f-Kosmetyki-Do-Obuwia,16.99,146,www.ccc.eu/media/cache/gallery/rc/ycsxowes/images/64/64463//5/9/5907546519315_coccine-p_ynny_t_uszcz_do_obuwia_250ml__f_ww_01.jpg
Wkładki COCCINE - Aloe Vera 665/11/19-35/99ABF Żółty,f-Wkladki-Do-Obuwia,5.99,125,www.ccc.eu/media/cache/gallery/rc/lqfrncs0/images/64/64695//5/9/5907546519636_coccine-aloe_vera_do_wycinania_2__1.jpg;www.ccc.eu/media/cache/gallery/rc/fybfux7q/images/64/64695//5/9/5907546519636_coccine-aloe_vera_do_wycinania_1__1.jpg
Dezodorant do obuwia COCCINE - Nano Deo Silver 55/54/75A/V7,f-Kosmetyki-Do-Obuwia,9.99,150,www.ccc.eu/media/cache/gallery/rc/db9jvsb4/images/64/64467//5/9/5906489217081_coccine-dezodorant_do_obuwia_75_ml_ww_01.jpg
Pianka Czyszcząca COCCINE - Nubuck Cleaner 55/050/100A/V6,f-Kosmetyki-Do-Obuwia,15.99,106,www.ccc.eu/media/cache/gallery/rc/su46pgei/images/64/64477//5/9/5906489213809_dakoma-nubuk_cleaner_ww_01.jpg
Dezodorant do obuwia COCCINE - Nano Deo Silver 55/54/150A/v7,f-Kosmetyki-Do-Obuwia,15.99,169,www.ccc.eu/media/cache/gallery/rc/ktnpxksg/images/64/64471//5/9/5907546514532_01_ws.jpg
Rozciągacz do obuwia COCCINE - Morbipel 55/11/75/01A/V7,f-Kosmetyki-Do-Obuwia,9.99,157,www.ccc.eu/media/cache/gallery/rc/ygemxbe3/images/64/64469//5/9/5904006089685_dakoma-rozciagacz_ww_01.jpg
Nabłyszczacz COCCINE - Eko Polish 55/34/75/02A/V4 Czarny,f-Kosmetyki-Do-Obuwia,5.99,159,www.ccc.eu/media/cache/gallery/rc/aiphns6o/images/64/64479//5/9/5906489217166_coccine-pasta_czarna_75_ml_czarny_ww_01.jpg
Wkładki COCCINE - Leather &amp; Latex 665/52ABF r.35/36 Brązowy,f-Wkladki-Do-Obuwia,9.99,172,www.ccc.eu/media/cache/gallery/rc/ts2whdn0/images/64/64643//5/9/5907546513184_coccine-sk_ra_na_piance_lateksowej_35-36_ng_ww_03_5.jpg;www.ccc.eu/media/cache/gallery/rc/he5xmgnh/images/64/64643//5/9/5907546513184_coccine-sk_ra_na_piance_lateksowej_35-36_ng_ww_02_5.jpg;www.ccc.eu/media/cache/gallery/rc/9uzljxpu/images/64/64643//5/9/5907546513184_coccine-sk_ra_na_piance_lateksowej_35-36_ng_ww_01_5.jpg
Wkładki COCCINE - Aloe Vera 665/11ABF r.43/44 Żółty,f-Wkladki-Do-Obuwia,7.99,147,www.ccc.eu/media/cache/gallery/rc/a3r3enki/images/64/64636//5/9/5907546512828_coccine-aloe_vera_nr_35-36_ng_ww_03_1_4.jpg;www.ccc.eu/media/cache/gallery/rc/q5cc148i/images/64/64636//5/9/5907546512828_coccine-aloe_vera_nr_35-36_ng_ww_02_1_4.jpg;www.ccc.eu/media/cache/gallery/rc/yxemswb3/images/64/64636//5/9/5907546512828_coccine-aloe_vera_nr_35-36_ng_ww_01_1_4.jpg
Wkładki COCCINE - Leather &amp; Latex 665/52ABF r.41/42 Brązowy,f-Wkladki-Do-Obuwia,9.99,157,www.ccc.eu/media/cache/gallery/rc/ggs1qxca/images/64/64639//5/9/5907546513184_coccine-sk_ra_na_piance_lateksowej_35-36_ng_ww_03_3_1.jpg;www.ccc.eu/media/cache/gallery/rc/f1wcfdzo/images/64/64639//5/9/5907546513184_coccine-sk_ra_na_piance_lateksowej_35-36_ng_ww_02_3_1.jpg;www.ccc.eu/media/cache/gallery/rc/tbvkhkcz/images/64/64639//5/9/5907546513184_coccine-sk_ra_na_piance_lateksowej_35-36_ng_ww_01_3_1.jpg
Wkładki COCCINE - Leather &amp; Latex 665/52ABF r.43/44 Brązowy,f-Wkladki-Do-Obuwia,9.99,189,www.ccc.eu/media/cache/gallery/rc/1pywa1yc/images/64/64641//5/9/5907546513184_coccine-sk_ra_na_piance_lateksowej_35-36_ng_ww_03_4_1.jpg;www.ccc.eu/media/cache/gallery/rc/qap7lddh/images/64/64641//5/9/5907546513184_coccine-sk_ra_na_piance_lateksowej_35-36_ng_ww_02_4_1.jpg;www.ccc.eu/media/cache/gallery/rc/hm8rpefv/images/64/64641//5/9/5907546513184_coccine-sk_ra_na_piance_lateksowej_35-36_ng_ww_01_4_1.jpg
Wkładki COCCINE - Leather &amp; Latex 665/52ABF r.37/38 Brązowy,f-Wkladki-Do-Obuwia,9.99,100,www.ccc.eu/media/cache/gallery/rc/ktqhufib/images/64/64647//5/9/5907546513191_coccine-sk_ra_na_piance_lateksowej_37-38_ng_ww_03_1.jpg;www.ccc.eu/media/cache/gallery/rc/uvqmiwpe/images/64/64647//5/9/5907546513191_coccine-sk_ra_na_piance_lateksowej_37-38_ng_ww_02_1.jpg;www.ccc.eu/media/cache/gallery/rc/gvgfarih/images/64/64647//5/9/5907546513191_coccine-sk_ra_na_piance_lateksowej_37-38_ng_ww_01_1.jpg
Wkładki COCCINE - Leather &amp; Latex 665/52ABF r.45/46 Brązowy,f-Wkladki-Do-Obuwia,9.99,124,www.ccc.eu/media/cache/gallery/rc/ex9onw2j/images/64/64649//5/9/5907546513184_coccine-sk_ra_na_piance_lateksowej_35-36_ng_ww_03_2_1.jpg;www.ccc.eu/media/cache/gallery/rc/d2tcr2ph/images/64/64649//5/9/5907546513184_coccine-sk_ra_na_piance_lateksowej_35-36_ng_ww_02_2_1.jpg;www.ccc.eu/media/cache/gallery/rc/jw9ijq9a/images/64/64649//5/9/5907546513184_coccine-sk_ra_na_piance_lateksowej_35-36_ng_ww_01_2_1.jpg
Wkładki COCCINE - Sport Ultra 665/74ABF r.45/46 Czarny,f-Wkladki-Do-Obuwia,9.99,188,www.ccc.eu/media/cache/gallery/rc/fi9pkdid/images/64/64651//5/9/5907546513122_coccine-wk_adka_sportowa_ultra_z_w_glem_35-36_ng_ww_03_3_1.jpg;www.ccc.eu/media/cache/gallery/rc/xhpj2hro/images/64/64651//5/9/5907546513122_coccine-wk_adka_sportowa_ultra_z_w_glem_35-36_ng_ww_02_3_1.jpg;www.ccc.eu/media/cache/gallery/rc/c4vnp31q/images/64/64651//5/9/5907546513122_coccine-wk_adka_sportowa_ultra_z_w_glem_35-36_ng_ww_01_1_2_1.jpg
Wkładki COCCINE - Sport Ultra 665/74ABF r.41/42 Czarny,f-Wkladki-Do-Obuwia,9.99,195,www.ccc.eu/media/cache/gallery/rc/ti1ro2bi/images/64/64653//5/9/5907546513122_coccine-wk_adka_sportowa_ultra_z_w_glem_35-36_ng_ww_03_4_1.jpg;www.ccc.eu/media/cache/gallery/rc/cczdhuld/images/64/64653//5/9/5907546513122_coccine-wk_adka_sportowa_ultra_z_w_glem_35-36_ng_ww_02_4_1.jpg;www.ccc.eu/media/cache/gallery/rc/2yetzywu/images/64/64653//5/9/5907546513122_coccine-wk_adka_sportowa_ultra_z_w_glem_35-36_ng_ww_01_1_3_1.jpg
Wkładki COCCINE - Sport Ultra 665/74ABF r.39/40 Czarny,f-Wkladki-Do-Obuwia,9.99,143,www.ccc.eu/media/cache/gallery/rc/extsybm6/images/64/64661//5/9/5907546513122_coccine-wk_adka_sportowa_ultra_z_w_glem_35-36_ng_ww_03_2_1.jpg;www.ccc.eu/media/cache/gallery/rc/pludummc/images/64/64661//5/9/5907546513122_coccine-wk_adka_sportowa_ultra_z_w_glem_35-36_ng_ww_02_2_1.jpg;www.ccc.eu/media/cache/gallery/rc/udbcr6qp/images/64/64661//5/9/5907546513122_coccine-wk_adka_sportowa_ultra_z_w_glem_35-36_ng_ww_01_1_1_1.jpg
Wkładki COCCINE - Sport Sanitized 665/73/24-35/ABF r.32/33 Niebieski,f-Wkladki-Do-Obuwia,8.99,107,www.ccc.eu/media/cache/gallery/rc/ub9cc6hx/images/64/64671//5/9/5907546519650_coccine-sport_sanitized_24-25_abf_ww_03_3.jpg;www.ccc.eu/media/cache/gallery/rc/x7iomopl/images/64/64671//5/9/5907546519650_coccine-sport_sanitized_24-25_abf_ww_02_3.jpg;www.ccc.eu/media/cache/gallery/rc/pies0r8t/images/64/64671//5/9/5907546519650_coccine-sport_sanitized_24-25_abf_ww_01_3.jpg
Wkładki COCCINE - Sport Ultra 665/74ABF r.43/44 Czarny,f-Wkladki-Do-Obuwia,9.99,187,www.ccc.eu/media/cache/gallery/rc/mdsgbry7/images/64/64656//5/9/5907546513122_coccine-wk_adka_sportowa_ultra_z_w_glem_35-36_ng_ww_03_1_1.jpg;www.ccc.eu/media/cache/gallery/rc/ks8fuphf/images/64/64656//5/9/5907546513122_coccine-wk_adka_sportowa_ultra_z_w_glem_35-36_ng_ww_02_1_1.jpg;www.ccc.eu/media/cache/gallery/rc/kqr0vvzj/images/64/64656//5/9/5907546513122_coccine-wk_adka_sportowa_ultra_z_w_glem_35-36_ng_ww_01_1_5.jpg
Wkładki COCCINE - Sport Ultra 665/74ABF r.37/38 Czarny,f-Wkladki-Do-Obuwia,9.99,199,www.ccc.eu/media/cache/gallery/rc/yx296d7o/images/64/64663//5/9/5907546513122_coccine-wk_adka_sportowa_ultra_z_w_glem_35-36_ng_ww_03_5_1.jpg;www.ccc.eu/media/cache/gallery/rc/jstc8lev/images/64/64663//5/9/5907546513122_coccine-wk_adka_sportowa_ultra_z_w_glem_35-36_ng_ww_02_5_1.jpg;www.ccc.eu/media/cache/gallery/rc/bogiwkjv/images/64/64663//5/9/5907546513122_coccine-wk_adka_sportowa_ultra_z_w_glem_35-36_ng_ww_01_1_4_1.jpg
Wkładki COCCINE - Sport Sanitized 665/73/24-25/ABF r.24/25 Niebieski,f-Wkladki-Do-Obuwia,8.99,122,www.ccc.eu/media/cache/gallery/rc/ifuelsou/images/64/64666//5/9/5907546519650_coccine-sport_sanitized_24-25_abf_ww_03_1.jpg;www.ccc.eu/media/cache/gallery/rc/ylih29lc/images/64/64666//5/9/5907546519650_coccine-sport_sanitized_24-25_abf_ww_02_1.jpg;www.ccc.eu/media/cache/gallery/rc/g8ufpsrj/images/64/64666//5/9/5907546519650_coccine-sport_sanitized_24-25_abf_ww_01_1.jpg
Wkładki COCCINE - Refresh Extra 665/21ABF r.39/41 Biały,f-Wkladki-Do-Obuwia,10.99,160,www.ccc.eu/media/cache/gallery/rc/txriv0bg/images/64/64673//5/9/5907546511791_coccine-refresh_extra_kpl_3_pary_39-41_ng_ww_02_1.jpg;www.ccc.eu/media/cache/gallery/rc/vsxydjvt/images/64/64673//5/9/5907546511791_coccine-refresh_extra_kpl_3_pary_39-41_ng_ww_03_1.jpg;www.ccc.eu/media/cache/gallery/rc/1jo0554t/images/64/64673//5/9/5907546511791_coccine-refresh_extra_kpl_3_pary_39-41_ng_ww_01_1.jpg
Wkładki COCCINE - Sport Ultra 665/74ABF r.35/36 Czarny,f-Wkladki-Do-Obuwia,9.99,125,www.ccc.eu/media/cache/gallery/rc/tkewdpj6/images/64/64659//5/9/5907546513122_coccine-wk_adka_sportowa_ultra_z_w_glem_35-36_ng_ww_03_6.jpg;www.ccc.eu/media/cache/gallery/rc/cg9nvsei/images/64/64659//5/9/5907546513122_coccine-wk_adka_sportowa_ultra_z_w_glem_35-36_ng_ww_02_6.jpg;www.ccc.eu/media/cache/gallery/rc/vjp8pq7h/images/64/64659//5/9/5907546513122_coccine-wk_adka_sportowa_ultra_z_w_glem_35-36_ng_ww_01_1_6.jpg
Wkładki COCCINE - Sport Sanitized 665/73/24-35/ABF r.28/29 Niebieski,f-Wkladki-Do-Obuwia,8.99,162,www.ccc.eu/media/cache/gallery/rc/fl6fttw7/images/64/64669//5/9/5907546519650_coccine-sport_sanitized_24-25_abf_ww_03_2.jpg;www.ccc.eu/media/cache/gallery/rc/kkquactx/images/64/64669//5/9/5907546519650_coccine-sport_sanitized_24-25_abf_ww_02_2.jpg;www.ccc.eu/media/cache/gallery/rc/iwzsskvw/images/64/64669//5/9/5907546519650_coccine-sport_sanitized_24-25_abf_ww_01_2.jpg
Wkładki COCCINE - Leather Premium 665/59ABF r.39/40 Brązowy,f-Wkladki-Do-Obuwia,13.99,116,www.ccc.eu/media/cache/gallery/rc/kffzl4qt/images/64/64681//5/9/5907546514273_coccine-wk_adka_sk_ra_naturalna_na_lateksie_35-36____ww_03_1_1.jpg;www.ccc.eu/media/cache/gallery/rc/elurrhxx/images/64/64681//5/9/5907546514273_coccine-wk_adka_sk_ra_naturalna_na_lateksie_35-36____ww_02_1_1.jpg;www.ccc.eu/media/cache/gallery/rc/e4a2zz0h/images/64/64681//5/9/5907546514273_coccine-wk_adka_sk_ra_naturalna_na_lateksie_35-36____ww_01_1_1.jpg
Wkładki COCCINE - Leather Premium 665/59ABF r.43/44 Brązowy,f-Wkladki-Do-Obuwia,13.99,109,www.ccc.eu/media/cache/gallery/rc/8eq3fdn1/images/64/64678//5/9/5907546514273_coccine-wk_adka_sk_ra_naturalna_na_lateksie_35-36____ww_03_3_1.jpg;www.ccc.eu/media/cache/gallery/rc/vuqsjnvf/images/64/64678//5/9/5907546514273_coccine-wk_adka_sk_ra_naturalna_na_lateksie_35-36____ww_02_3_1.jpg;www.ccc.eu/media/cache/gallery/rc/oprno6oi/images/64/64678//5/9/5907546514273_coccine-wk_adka_sk_ra_naturalna_na_lateksie_35-36____ww_01_3_1.jpg
Wkładki COCCINE - Leather Premium 665/59ABF r.41/42 Brązowy,f-Wkladki-Do-Obuwia,13.99,186,www.ccc.eu/media/cache/gallery/rc/aikpxmlp/images/64/64683//5/9/5907546514273_coccine-wk_adka_sk_ra_naturalna_na_lateksie_35-36____ww_03_3_2.jpg;www.ccc.eu/media/cache/gallery/rc/f1lvmtka/images/64/64683//5/9/5907546514273_coccine-wk_adka_sk_ra_naturalna_na_lateksie_35-36____ww_02_3_2.jpg;www.ccc.eu/media/cache/gallery/rc/msejfhx8/images/64/64683//5/9/5907546514273_coccine-wk_adka_sk_ra_naturalna_na_lateksie_35-36____ww_01_3_2.jpg
Wkładki COCCINE - Leather Premium 665/59ABF r.35/36 Brązowy,f-Wkladki-Do-Obuwia,13.99,135,www.ccc.eu/media/cache/gallery/rc/mmejygpx/images/64/64676//5/9/5907546514273_coccine-wk_adka_sk_ra_naturalna_na_lateksie_35-36____ww_03_4.jpg;www.ccc.eu/media/cache/gallery/rc/pepmz9v5/images/64/64676//5/9/5907546514273_coccine-wk_adka_sk_ra_naturalna_na_lateksie_35-36____ww_02_4.jpg;www.ccc.eu/media/cache/gallery/rc/bi4al7xn/images/64/64676//5/9/5907546514273_coccine-wk_adka_sk_ra_naturalna_na_lateksie_35-36____ww_01_4.jpg
Wkładki COCCINE - Leather Premium 665/59ABF r.37/38 Brązowy,f-Wkladki-Do-Obuwia,13.99,191,www.ccc.eu/media/cache/gallery/rc/hmeswo6t/images/64/64685//5/9/5907546514273_coccine-wk_adka_sk_ra_naturalna_na_lateksie_35-36____ww_03_2_1.jpg;www.ccc.eu/media/cache/gallery/rc/d2zvgj19/images/64/64685//5/9/5907546514273_coccine-wk_adka_sk_ra_naturalna_na_lateksie_35-36____ww_02_2_1.jpg;www.ccc.eu/media/cache/gallery/rc/sbi6crcy/images/64/64685//5/9/5907546514273_coccine-wk_adka_sk_ra_naturalna_na_lateksie_35-36____ww_01_2_1.jpg
Wkładki COCCINE - Leather &amp; Latex 665/52ABF r.39/40 Brązowy,f-Wkladki-Do-Obuwia,9.99,168,www.ccc.eu/media/cache/gallery/rc/kcs1ldwo/images/64/64688//5/9/5907546513184_coccine-sk_ra_na_piance_lateksowej_35-36_ng_ww_03_3_2.jpg;www.ccc.eu/media/cache/gallery/rc/o85tizsa/images/64/64688//5/9/5907546513207_coccine-sk_ra_na_piance_lateksowej_39-40ng_2_.jpg;www.ccc.eu/media/cache/gallery/rc/jeo2q1es/images/64/64688//5/9/5907546513207_coccine-sk_ra_na_piance_lateksowej_39-40ng_1_.jpg
Wkładki COCCINE - Refresh Extra 665/21ABF r.36/38 Biały,f-Wkladki-Do-Obuwia,10.99,196,www.ccc.eu/media/cache/gallery/rc/ambgebc2/images/64/64693//5/9/5907546511784_coccine-refresh_extra_kpl_3_pary_36-38ng_1__1.jpg;www.ccc.eu/media/cache/gallery/rc/1aetg6kz/images/64/64693//5/9/5907546511784_coccine-refresh_extra_kpl_3_pary_36-38ng_2_.jpg
Wkładki COCCINE - Refresh Extra 665/21ABF r.42/44 Biały,f-Wkladki-Do-Obuwia,10.99,155,www.ccc.eu/media/cache/gallery/rc/rgf6a2ok/images/64/64690//5/9/5907546511807_coccine-refresh_extra_kpl_3_pary_42-44ng_1__6.jpg;www.ccc.eu/media/cache/gallery/rc/apczbokp/images/64/64690//5/9/5907546511807_coccine-refresh_extra_kpl_3_pary_42-44ng_2_.jpg
Renowator COCCINE - Ravvivant 55/59/2500/2A/v6 Czarny,f-Kosmetyki-Do-Obuwia,16.99,117,www.ccc.eu/media/cache/gallery/rc/ib07mcux/images/64/64784//5/9/5906489212949_dakoma-renowator_czarny_ek_01.jpg;www.ccc.eu/media/cache/gallery/rc/fgaapzjd/images/64/64784//5/9/5906489212949_dakoma-renowator_czarny_ek_02.jpg
Spray pielęgnujący COCCINE - Vernilux 55/53/250A/v9,f-Kosmetyki-Do-Obuwia,15.99,115,www.ccc.eu/media/cache/gallery/rc/xaup9gkj/images/64/64788//5/9/5906489214103_coccine-spray_do_sk_r_lakier_ek_01.jpg;www.ccc.eu/media/cache/gallery/rc/gwuagads/images/64/64788//5/9/5906489214103_coccine-spray_do_sk_r_lakier_ek_02.jpg
Krem do obuwia COCCINE - Cream Elegance 55/26/50/02A/V6 Czarny,f-Kosmetyki-Do-Obuwia,9.99,194,www.ccc.eu/media/cache/gallery/rc/5jaxvhdh/images/64/64574//5/9/5907546511692_coccine-krem_elegance_czarny_czarny_ww_02.jpg;www.ccc.eu/media/cache/gallery/rc/4oechxcy/images/64/64574//5/9/5907546511692_coccine-krem_elegance_czarny_czarny_ww_01.jpg
Nabłyszczacz COCCINE - Eko Polish 55/34/75/01A,f-Kosmetyki-Do-Obuwia,5.99,165,www.ccc.eu/media/cache/gallery/rc/jbznhhkn/images/64/64482//5/9/5906489217159_coccine-pasta_bezbarwna_75_ml_ww_01.jpg
Szampon COCCINE - Shampoo 55/47/75A/v4,f-Kosmetyki-Do-Obuwia,9.99,188,www.ccc.eu/media/cache/gallery/rc/uyqek7et/images/64/64793//5/9/5906489210044_coccine-dakoma-szampon_ek_01.jpg;www.ccc.eu/media/cache/gallery/rc/c3nbdypz/images/64/64793//5/9/5906489210044_coccine-dakoma-szampon_ek_02.jpg
Krem do obuwia COCCINE - Cream Elegance 55/26/50/14A Brown,f-Kosmetyki-Do-Obuwia,9.99,145,www.ccc.eu/media/cache/gallery/rc/b8ied1mo/images/64/64603//5/9/5907546511708_coccine-krem_elegance_br_zowy_br_zowy_00_01.jpg;www.ccc.eu/media/cache/gallery/rc/optlb7vs/images/64/64603//5/9/5907546511708_coccine-krem_elegance_br_zowy_br_zowy_00_00.jpg
Odświeżacz koloru BAMA - S11 Bezbarwny,f-Kosmetyki-Do-Obuwia,9.99,195,www.ccc.eu/media/cache/gallery/rc/xmrrquzl/images/64/64605//4/0/4053201013719_bama-bezbarwny_75_ml_s11f__pl_bezbarwny_00_00.jpg;www.ccc.eu/media/cache/gallery/rc/27zkegpx/images/64/64605//4/0/4053201013719_bama-bezbarwny_75_ml_s11f__pl_bezbarwny_00_01.jpg
Pasta do obuwia COCCINE - Bianco 55/01/75A Biały,f-Kosmetyki-Do-Obuwia,9.99,139,www.ccc.eu/media/cache/gallery/rc/s3lr2hdm/images/64/64790//5/9/5906489210815_coccine-dakoma-bianco-pasta_ek_01.jpg;www.ccc.eu/media/cache/gallery/rc/35rkew3z/images/64/64790//5/9/5906489210815_coccine-dakoma-bianco-pasta_ek_02.jpg
Impregnat COCCINE - Kolor Stop 55/15/50/01A/v4,f-Kosmetyki-Do-Obuwia,11.99,200,www.ccc.eu/media/cache/gallery/rc/cbhikvng/images/64/64795//5/9/5906489210938_coccine-dakoma-kolor_stop_ek_01.jpg;www.ccc.eu/media/cache/gallery/rc/cxxy2pep/images/64/64795//5/9/5906489210938_coccine-dakoma-kolor_stop_ek_02.jpg
Spray BAMA - Silky Comfort 0300,f-Kosmetyki-Do-Obuwia,17.99,172,www.ccc.eu/media/cache/gallery/rc/hikomdsx/images/64/64802//5/0/5000204832563_bama-silky_comfort_100ml_001__pl_ek_01.jpg;www.ccc.eu/media/cache/gallery/rc/qis5ago4/images/64/64802//5/0/5000204832563_bama-silky_comfort_100ml_001__pl_ek_02.jpg
